|                  passKey                  |        option         |
+-------------------------------------------+-----------------------+
| pass_asan_O0                              | -fgcse                |
| pass_asan_O0                              | -fgcse-las            |
| pass_asan_O0                              | -fgcse-lm             |
| pass_asan_O0                              | -finline-functions    |
| pass_asan_O0                              | -ftree-loop-vectorize |
| pass_asan                                 | -fgcse                |
| pass_asan                                 | -fgcse-las            |
| pass_asan                                 | -fgcse-lm             |
| pass_asan                                 | -finline-functions    |
| pass_asan                                 | -ftree-loop-vectorize |
| pass_inc_dec                              | -fgcse                |
| pass_inc_dec                              | -fgcse-las            |
| pass_inc_dec                              | -fgcse-lm             |
| pass_inc_dec                              | -finline-functions    |
| pass_inc_dec                              | -ftree-loop-vectorize |
| pass_ipa_auto_profile                     | -fgcse                |
| pass_ipa_auto_profile                     | -fgcse-las            |
| pass_ipa_auto_profile                     | -fgcse-lm             |
| pass_ipa_auto_profile                     | -finline-functions    |
| pass_ipa_auto_profile                     | -ftree-loop-vectorize |
| pass_partition_blocks                     | -fgcse                |
| pass_partition_blocks                     | -fgcse-las            |
| pass_partition_blocks                     | -fgcse-lm             |
| pass_partition_blocks                     | -finline-functions    |
| pass_partition_blocks                     | -ftree-loop-vectorize |
| pass_reorder_blocks                       | -fgcse                |
| pass_reorder_blocks                       | -fgcse-las            |
| pass_reorder_blocks                       | -fgcse-lm             |
| pass_reorder_blocks                       | -finline-functions    |
| pass_reorder_blocks                       | -ftree-loop-vectorize |
| pass_branch_target_load_optimize2         | -fgcse                |
| pass_branch_target_load_optimize2         | -fgcse-las            |
| pass_branch_target_load_optimize2         | -fgcse-lm             |
| pass_branch_target_load_optimize2         | -finline-functions    |
| pass_branch_target_load_optimize2         | -ftree-loop-vectorize |
| pass_branch_target_load_optimize1         | -fgcse                |
| pass_branch_target_load_optimize1         | -fgcse-las            |
| pass_branch_target_load_optimize1         | -fgcse-lm             |
| pass_branch_target_load_optimize1         | -finline-functions    |
| pass_branch_target_load_optimize1         | -ftree-loop-vectorize |
| pass_clean_state                          | -fgcse                |
| pass_clean_state                          | -fgcse-las            |
| pass_clean_state                          | -fgcse-lm             |
| pass_clean_state                          | -finline-functions    |
| pass_clean_state                          | -ftree-loop-vectorize |
| pass_final                                | -fgcse                |
| pass_final                                | -fgcse-las            |
| pass_final                                | -fgcse-lm             |
| pass_final                                | -finline-functions    |
| pass_final                                | -ftree-loop-vectorize |
| pass_dwarf2_frame                         | -fgcse                |
| pass_dwarf2_frame                         | -fgcse-las            |
| pass_dwarf2_frame                         | -fgcse-lm             |
| pass_dwarf2_frame                         | -finline-functions    |
| pass_dwarf2_frame                         | -ftree-loop-vectorize |
| pass_shorten_branches                     | -fgcse                |
| pass_shorten_branches                     | -fgcse-las            |
| pass_shorten_branches                     | -fgcse-lm             |
| pass_shorten_branches                     | -finline-functions    |
| pass_shorten_branches                     | -ftree-loop-vectorize |
| pass_split_for_shorten_branches           | -fgcse                |
| pass_split_for_shorten_branches           | -fgcse-las            |
| pass_split_for_shorten_branches           | -fgcse-lm             |
| pass_split_for_shorten_branches           | -finline-functions    |
| pass_split_for_shorten_branches           | -ftree-loop-vectorize |
| pass_delay_slots                          | -fgcse                |
| pass_delay_slots                          | -fgcse-las            |
| pass_delay_slots                          | -fgcse-lm             |
| pass_delay_slots                          | -finline-functions    |
| pass_delay_slots                          | -ftree-loop-vectorize |
| pass_variable_tracking                    | -fgcse                |
| pass_variable_tracking                    | -fgcse-las            |
| pass_variable_tracking                    | -fgcse-lm             |
| pass_variable_tracking                    | -finline-functions    |
| pass_variable_tracking                    | -ftree-loop-vectorize |
| pass_stack_regs_run                       | -fgcse                |
| pass_stack_regs_run                       | -fgcse-las            |
| pass_stack_regs_run                       | -fgcse-lm             |
| pass_stack_regs_run                       | -finline-functions    |
| pass_stack_regs_run                       | -ftree-loop-vectorize |
| pass_split_before_regstack                | -fgcse                |
| pass_split_before_regstack                | -fgcse-las            |
| pass_split_before_regstack                | -fgcse-lm             |
| pass_split_before_regstack                | -finline-functions    |
| pass_split_before_regstack                | -ftree-loop-vectorize |
| pass_sched2                               | -fgcse                |
| pass_sched2                               | -fgcse-las            |
| pass_sched2                               | -fgcse-lm             |
| pass_sched2                               | -finline-functions    |
| pass_sched2                               | -ftree-loop-vectorize |
| pass_split_before_sched2                  | -fgcse                |
| pass_split_before_sched2                  | -fgcse-las            |
| pass_split_before_sched2                  | -fgcse-lm             |
| pass_split_before_sched2                  | -finline-functions    |
| pass_split_before_sched2                  | -ftree-loop-vectorize |
| pass_fast_rtl_dce                         | -fgcse                |
| pass_fast_rtl_dce                         | -fgcse-las            |
| pass_fast_rtl_dce                         | -fgcse-lm             |
| pass_fast_rtl_dce                         | -finline-functions    |
| pass_fast_rtl_dce                         | -ftree-loop-vectorize |
| pass_cprop_hardreg                        | -fgcse                |
| pass_cprop_hardreg                        | -fgcse-las            |
| pass_cprop_hardreg                        | -fgcse-lm             |
| pass_cprop_hardreg                        | -finline-functions    |
| pass_cprop_hardreg                        | -ftree-loop-vectorize |
| pass_regrename                            | -fgcse                |
| pass_regrename                            | -fgcse-las            |
| pass_regrename                            | -fgcse-lm             |
| pass_regrename                            | -finline-functions    |
| pass_regrename                            | -ftree-loop-vectorize |
| pass_if_after_reload                      | -fgcse                |
| pass_if_after_reload                      | -fgcse-las            |
| pass_if_after_reload                      | -fgcse-lm             |
| pass_if_after_reload                      | -finline-functions    |
| pass_if_after_reload                      | -ftree-loop-vectorize |
| pass_peephole2                            | -fgcse                |
| pass_peephole2                            | -fgcse-las            |
| pass_peephole2                            | -fgcse-lm             |
| pass_peephole2                            | -finline-functions    |
| pass_peephole2                            | -ftree-loop-vectorize |
| pass_sched_fusion                         | -fgcse                |
| pass_sched_fusion                         | -fgcse-las            |
| pass_sched_fusion                         | -fgcse-lm             |
| pass_sched_fusion                         | -finline-functions    |
| pass_sched_fusion                         | -ftree-loop-vectorize |
| pass_jump2                                | -fgcse                |
| pass_jump2                                | -fgcse-las            |
| pass_jump2                                | -fgcse-lm             |
| pass_jump2                                | -finline-functions    |
| pass_jump2                                | -ftree-loop-vectorize |
| pass_stack_adjustments                    | -fgcse                |
| pass_stack_adjustments                    | -fgcse-las            |
| pass_stack_adjustments                    | -fgcse-lm             |
| pass_stack_adjustments                    | -finline-functions    |
| pass_stack_adjustments                    | -ftree-loop-vectorize |
| pass_rtl_dse2                             | -fgcse                |
| pass_rtl_dse2                             | -fgcse-las            |
| pass_rtl_dse2                             | -fgcse-lm             |
| pass_rtl_dse2                             | -finline-functions    |
| pass_rtl_dse2                             | -ftree-loop-vectorize |
| pass_thread_prologue_and_epilogue         | -fgcse                |
| pass_thread_prologue_and_epilogue         | -fgcse-las            |
| pass_thread_prologue_and_epilogue         | -fgcse-lm             |
| pass_thread_prologue_and_epilogue         | -finline-functions    |
| pass_thread_prologue_and_epilogue         | -ftree-loop-vectorize |
| pass_compare_elim_after_reload            | -fgcse                |
| pass_compare_elim_after_reload            | -fgcse-las            |
| pass_compare_elim_after_reload            | -fgcse-lm             |
| pass_compare_elim_after_reload            | -finline-functions    |
| pass_compare_elim_after_reload            | -ftree-loop-vectorize |
| pass_ree                                  | -fgcse                |
| pass_ree                                  | -fgcse-las            |
| pass_ree                                  | -fgcse-lm             |
| pass_ree                                  | -finline-functions    |
| pass_ree                                  | -ftree-loop-vectorize |
| pass_split_after_reload                   | -fgcse                |
| pass_split_after_reload                   | -fgcse-las            |
| pass_split_after_reload                   | -fgcse-lm             |
| pass_split_after_reload                   | -finline-functions    |
| pass_split_after_reload                   | -ftree-loop-vectorize |
| pass_gcse2                                | -fgcse                |
| pass_gcse2                                | -fgcse-las            |
| pass_gcse2                                | -fgcse-lm             |
| pass_gcse2                                | -finline-functions    |
| pass_gcse2                                | -ftree-loop-vectorize |
| pass_postreload_cse                       | -fgcse                |
| pass_postreload_cse                       | -fgcse-las            |
| pass_postreload_cse                       | -fgcse-lm             |
| pass_postreload_cse                       | -finline-functions    |
| pass_postreload_cse                       | -ftree-loop-vectorize |
| pass_postreload_jump                      | -fgcse                |
| pass_postreload_jump                      | -fgcse-las            |
| pass_postreload_jump                      | -fgcse-lm             |
| pass_postreload_jump                      | -finline-functions    |
| pass_postreload_jump                      | -ftree-loop-vectorize |
| pass_reload                               | -fgcse                |
| pass_reload                               | -fgcse-las            |
| pass_reload                               | -fgcse-lm             |
| pass_reload                               | -finline-functions    |
| pass_reload                               | -ftree-loop-vectorize |
| pass_ira                                  | -fgcse                |
| pass_ira                                  | -fgcse-las            |
| pass_ira                                  | -fgcse-lm             |
| pass_ira                                  | -finline-functions    |
| pass_ira                                  | -ftree-loop-vectorize |
| pass_early_remat                          | -fgcse                |
| pass_early_remat                          | -fgcse-las            |
| pass_early_remat                          | -fgcse-lm             |
| pass_early_remat                          | -finline-functions    |
| pass_early_remat                          | -ftree-loop-vectorize |
| pass_sched                                | -fgcse                |
| pass_sched                                | -fgcse-las            |
| pass_sched                                | -fgcse-lm             |
| pass_sched                                | -finline-functions    |
| pass_sched                                | -ftree-loop-vectorize |
| pass_live_range_shrinkage                 | -fgcse                |
| pass_live_range_shrinkage                 | -fgcse-las            |
| pass_live_range_shrinkage                 | -fgcse-lm             |
| pass_live_range_shrinkage                 | -finline-functions    |
| pass_live_range_shrinkage                 | -ftree-loop-vectorize |
| pass_sms                                  | -fgcse                |
| pass_sms                                  | -fgcse-las            |
| pass_sms                                  | -fgcse-lm             |
| pass_sms                                  | -finline-functions    |
| pass_sms                                  | -ftree-loop-vectorize |
| pass_match_asm_constraints                | -fgcse                |
| pass_match_asm_constraints                | -fgcse-las            |
| pass_match_asm_constraints                | -fgcse-lm             |
| pass_match_asm_constraints                | -finline-functions    |
| pass_match_asm_constraints                | -ftree-loop-vectorize |
| pass_mode_switching                       | -fgcse                |
| pass_mode_switching                       | -fgcse-las            |
| pass_mode_switching                       | -fgcse-lm             |
| pass_mode_switching                       | -finline-functions    |
| pass_mode_switching                       | -ftree-loop-vectorize |
| pass_lower_subreg2                        | -fgcse                |
| pass_lower_subreg2                        | -fgcse-las            |
| pass_lower_subreg2                        | -fgcse-lm             |
| pass_lower_subreg2                        | -finline-functions    |
| pass_lower_subreg2                        | -ftree-loop-vectorize |
| pass_split_all_insns                      | -fgcse                |
| pass_split_all_insns                      | -fgcse-las            |
| pass_split_all_insns                      | -fgcse-lm             |
| pass_split_all_insns                      | -finline-functions    |
| pass_split_all_insns                      | -ftree-loop-vectorize |
| pass_outof_cfg_layout_mode                | -fgcse                |
| pass_outof_cfg_layout_mode                | -fgcse-las            |
| pass_outof_cfg_layout_mode                | -fgcse-lm             |
| pass_outof_cfg_layout_mode                | -finline-functions    |
| pass_outof_cfg_layout_mode                | -ftree-loop-vectorize |
| pass_if_after_combine                     | -fgcse                |
| pass_if_after_combine                     | -fgcse-las            |
| pass_if_after_combine                     | -fgcse-lm             |
| pass_if_after_combine                     | -finline-functions    |
| pass_if_after_combine                     | -ftree-loop-vectorize |
| pass_stv                                  | -fgcse                |
| pass_stv                                  | -fgcse-las            |
| pass_stv                                  | -fgcse-lm             |
| pass_stv                                  | -finline-functions    |
| pass_stv                                  | -ftree-loop-vectorize |
| pass_remove_partial_avx_dependency        | -fgcse                |
| pass_remove_partial_avx_dependency        | -fgcse-las            |
| pass_remove_partial_avx_dependency        | -fgcse-lm             |
| pass_remove_partial_avx_dependency        | -finline-functions    |
| pass_remove_partial_avx_dependency        | -ftree-loop-vectorize |
| pass_combine                              | -fgcse                |
| pass_combine                              | -fgcse-las            |
| pass_combine                              | -fgcse-lm             |
| pass_combine                              | -finline-functions    |
| pass_combine                              | -ftree-loop-vectorize |
| pass_ud_rtl_dce                           | -fgcse                |
| pass_ud_rtl_dce                           | -fgcse-las            |
| pass_ud_rtl_dce                           | -fgcse-lm             |
| pass_ud_rtl_dce                           | -finline-functions    |
| pass_ud_rtl_dce                           | -ftree-loop-vectorize |
| pass_initialize_regs                      | -fgcse                |
| pass_initialize_regs                      | -fgcse-las            |
| pass_initialize_regs                      | -fgcse-lm             |
| pass_initialize_regs                      | -finline-functions    |
| pass_initialize_regs                      | -ftree-loop-vectorize |
| pass_rtl_fwprop_addr                      | -fgcse                |
| pass_rtl_fwprop_addr                      | -fgcse-las            |
| pass_rtl_fwprop_addr                      | -fgcse-lm             |
| pass_rtl_fwprop_addr                      | -finline-functions    |
| pass_rtl_fwprop_addr                      | -ftree-loop-vectorize |
| pass_rtl_dse1                             | -fgcse                |
| pass_rtl_dse1                             | -fgcse-las            |
| pass_rtl_dse1                             | -fgcse-lm             |
| pass_rtl_dse1                             | -finline-functions    |
| pass_rtl_dse1                             | -ftree-loop-vectorize |
| pass_cse2                                 | -fgcse                |
| pass_cse2                                 | -fgcse-las            |
| pass_cse2                                 | -fgcse-lm             |
| pass_cse2                                 | -finline-functions    |
| pass_cse2                                 | -ftree-loop-vectorize |
| pass_rtl_cprop                            | -fgcse                |
| pass_rtl_cprop                            | -fgcse-las            |
| pass_rtl_cprop                            | -fgcse-lm             |
| pass_rtl_cprop                            | -finline-functions    |
| pass_rtl_cprop                            | -ftree-loop-vectorize |
| pass_web                                  | -fgcse                |
| pass_web                                  | -fgcse-las            |
| pass_web                                  | -fgcse-lm             |
| pass_web                                  | -finline-functions    |
| pass_web                                  | -ftree-loop-vectorize |
| pass_rtl_loop_done                        | -fgcse                |
| pass_rtl_loop_done                        | -fgcse-las            |
| pass_rtl_loop_done                        | -fgcse-lm             |
| pass_rtl_loop_done                        | -finline-functions    |
| pass_rtl_loop_done                        | -ftree-loop-vectorize |
| pass_rtl_doloop                           | -fgcse                |
| pass_rtl_doloop                           | -fgcse-las            |
| pass_rtl_doloop                           | -fgcse-lm             |
| pass_rtl_doloop                           | -finline-functions    |
| pass_rtl_doloop                           | -ftree-loop-vectorize |
| pass_rtl_unroll_loops                     | -fgcse                |
| pass_rtl_unroll_loops                     | -fgcse-las            |
| pass_rtl_unroll_loops                     | -fgcse-lm             |
| pass_rtl_unroll_loops                     | -finline-functions    |
| pass_rtl_unroll_loops                     | -ftree-loop-vectorize |
| pass_rtl_move_loop_invariants             | -fgcse                |
| pass_rtl_move_loop_invariants             | -fgcse-las            |
| pass_rtl_move_loop_invariants             | -fgcse-lm             |
| pass_rtl_move_loop_invariants             | -finline-functions    |
| pass_rtl_move_loop_invariants             | -ftree-loop-vectorize |
| pass_rtl_ifcvt                            | -fgcse                |
| pass_rtl_ifcvt                            | -fgcse-las            |
| pass_rtl_ifcvt                            | -fgcse-lm             |
| pass_rtl_ifcvt                            | -finline-functions    |
| pass_rtl_ifcvt                            | -ftree-loop-vectorize |
| pass_cse_after_global_opts                | -fgcse                |
| pass_cse_after_global_opts                | -fgcse-las            |
| pass_cse_after_global_opts                | -fgcse-lm             |
| pass_cse_after_global_opts                | -finline-functions    |
| pass_cse_after_global_opts                | -ftree-loop-vectorize |
| pass_rtl_store_motion                     | -fgcse                |
| pass_rtl_store_motion                     | -fgcse-las            |
| pass_rtl_store_motion                     | -fgcse-lm             |
| pass_rtl_store_motion                     | -finline-functions    |
| pass_rtl_store_motion                     | -ftree-loop-vectorize |
| pass_rtl_hoist                            | -fgcse                |
| pass_rtl_hoist                            | -fgcse-las            |
| pass_rtl_hoist                            | -fgcse-lm             |
| pass_rtl_hoist                            | -finline-functions    |
| pass_rtl_hoist                            | -ftree-loop-vectorize |
| pass_rtl_pre                              | -fgcse                |
| pass_rtl_pre                              | -fgcse-las            |
| pass_rtl_pre                              | -fgcse-lm             |
| pass_rtl_pre                              | -finline-functions    |
| pass_rtl_pre                              | -ftree-loop-vectorize |
| pass_rtl_fwprop                           | -fgcse                |
| pass_rtl_fwprop                           | -fgcse-las            |
| pass_rtl_fwprop                           | -fgcse-lm             |
| pass_rtl_fwprop                           | -finline-functions    |
| pass_rtl_fwprop                           | -ftree-loop-vectorize |
| pass_cse                                  | -fgcse                |
| pass_cse                                  | -fgcse-las            |
| pass_cse                                  | -fgcse-lm             |
| pass_cse                                  | -finline-functions    |
| pass_cse                                  | -ftree-loop-vectorize |
| pass_lower_subreg                         | -fgcse                |
| pass_lower_subreg                         | -fgcse-las            |
| pass_lower_subreg                         | -fgcse-lm             |
| pass_lower_subreg                         | -finline-functions    |
| pass_lower_subreg                         | -ftree-loop-vectorize |
| pass_jump                                 | -fgcse                |
| pass_jump                                 | -fgcse-las            |
| pass_jump                                 | -fgcse-lm             |
| pass_jump                                 | -finline-functions    |
| pass_jump                                 | -ftree-loop-vectorize |
| pass_into_cfg_layout_mode                 | -fgcse                |
| pass_into_cfg_layout_mode                 | -fgcse-las            |
| pass_into_cfg_layout_mode                 | -fgcse-lm             |
| pass_into_cfg_layout_mode                 | -finline-functions    |
| pass_into_cfg_layout_mode                 | -ftree-loop-vectorize |
| pass_instantiate_virtual_regs             | -fgcse                |
| pass_instantiate_virtual_regs             | -fgcse-las            |
| pass_instantiate_virtual_regs             | -fgcse-lm             |
| pass_instantiate_virtual_regs             | -finline-functions    |
| pass_instantiate_virtual_regs             | -ftree-loop-vectorize |
| pass_expand                               | -fgcse                |
| pass_expand                               | -fgcse-las            |
| pass_expand                               | -fgcse-lm             |
| pass_expand                               | -finline-functions    |
| pass_expand                               | -ftree-loop-vectorize |
| pass_gen_hsail                            | -fgcse                |
| pass_gen_hsail                            | -fgcse-las            |
| pass_gen_hsail                            | -fgcse-lm             |
| pass_gen_hsail                            | -finline-functions    |
| pass_gen_hsail                            | -ftree-loop-vectorize |
| pass_cleanup_cfg_post_optimizing          | -fgcse                |
| pass_cleanup_cfg_post_optimizing          | -fgcse-las            |
| pass_cleanup_cfg_post_optimizing          | -fgcse-lm             |
| pass_cleanup_cfg_post_optimizing          | -finline-functions    |
| pass_cleanup_cfg_post_optimizing          | -ftree-loop-vectorize |
| pass_nrv                                  | -fgcse                |
| pass_nrv                                  | -fgcse-las            |
| pass_nrv                                  | -fgcse-lm             |
| pass_nrv                                  | -finline-functions    |
| pass_nrv                                  | -ftree-loop-vectorize |
| pass_lower_resx                           | -fgcse                |
| pass_lower_resx                           | -fgcse-las            |
| pass_lower_resx                           | -fgcse-lm             |
| pass_lower_resx                           | -finline-functions    |
| pass_lower_resx                           | -ftree-loop-vectorize |
| pass_cleanup_eh                           | -fgcse                |
| pass_cleanup_eh                           | -fgcse-las            |
| pass_cleanup_eh                           | -fgcse-lm             |
| pass_cleanup_eh                           | -finline-functions    |
| pass_cleanup_eh                           | -ftree-loop-vectorize |
| pass_sanopt                               | -fgcse                |
| pass_sanopt                               | -fgcse-las            |
| pass_sanopt                               | -fgcse-lm             |
| pass_sanopt                               | -finline-functions    |
| pass_sanopt                               | -ftree-loop-vectorize |
| pass_tsan_O0                              | -fgcse                |
| pass_tsan_O0                              | -fgcse-las            |
| pass_tsan_O0                              | -fgcse-lm             |
| pass_tsan_O0                              | -finline-functions    |
| pass_tsan_O0                              | -ftree-loop-vectorize |
| pass_lower_complex_O0                     | -fgcse                |
| pass_lower_complex_O0                     | -fgcse-las            |
| pass_lower_complex_O0                     | -fgcse-lm             |
| pass_lower_complex_O0                     | -finline-functions    |
| pass_lower_complex_O0                     | -ftree-loop-vectorize |
| pass_lower_vector                         | -fgcse                |
| pass_lower_vector                         | -fgcse-las            |
| pass_lower_vector                         | -fgcse-lm             |
| pass_lower_vector                         | -finline-functions    |
| pass_lower_vector                         | -ftree-loop-vectorize |
| pass_lower_vaarg                          | -fgcse                |
| pass_lower_vaarg                          | -fgcse-las            |
| pass_lower_vaarg                          | -fgcse-lm             |
| pass_lower_vaarg                          | -finline-functions    |
| pass_lower_vaarg                          | -ftree-loop-vectorize |
| pass_vtable_verify                        | -fgcse                |
| pass_vtable_verify                        | -fgcse-las            |
| pass_vtable_verify                        | -fgcse-lm             |
| pass_vtable_verify                        | -finline-functions    |
| pass_vtable_verify                        | -ftree-loop-vectorize |
| pass_simduid_cleanup                      | -fgcse                |
| pass_simduid_cleanup                      | -fgcse-las            |
| pass_simduid_cleanup                      | -fgcse-lm             |
| pass_simduid_cleanup                      | -finline-functions    |
| pass_simduid_cleanup                      | -ftree-loop-vectorize |
| pass_tm_edges                             | -fgcse                |
| pass_tm_edges                             | -fgcse-las            |
| pass_tm_edges                             | -fgcse-lm             |
| pass_tm_edges                             | -finline-functions    |
| pass_tm_edges                             | -ftree-loop-vectorize |
| pass_tm_memopt                            | -fgcse                |
| pass_tm_memopt                            | -fgcse-las            |
| pass_tm_memopt                            | -fgcse-lm             |
| pass_tm_memopt                            | -finline-functions    |
| pass_tm_memopt                            | -ftree-loop-vectorize |
| pass_tm_mark                              | -fgcse                |
| pass_tm_mark                              | -fgcse-las            |
| pass_tm_mark                              | -fgcse-lm             |
| pass_tm_mark                              | -finline-functions    |
| pass_tm_mark                              | -ftree-loop-vectorize |
| pass_local_pure_const                     | -fgcse                |
| pass_local_pure_const                     | -fgcse-las            |
| pass_local_pure_const                     | -fgcse-lm             |
| pass_local_pure_const                     | -finline-functions    |
| pass_local_pure_const                     | -ftree-loop-vectorize |
| pass_uncprop                              | -fgcse                |
| pass_uncprop                              | -fgcse-las            |
| pass_uncprop                              | -fgcse-lm             |
| pass_uncprop                              | -finline-functions    |
| pass_uncprop                              | -ftree-loop-vectorize |
| pass_late_warn_uninitialized              | -fgcse                |
| pass_late_warn_uninitialized              | -fgcse-las            |
| pass_late_warn_uninitialized              | -fgcse-lm             |
| pass_late_warn_uninitialized              | -finline-functions    |
| pass_late_warn_uninitialized              | -ftree-loop-vectorize |
| pass_split_crit_edges                     | -fgcse                |
| pass_split_crit_edges                     | -fgcse-las            |
| pass_split_crit_edges                     | -fgcse-lm             |
| pass_split_crit_edges                     | -finline-functions    |
| pass_split_crit_edges                     | -ftree-loop-vectorize |
| pass_tsan                                 | -fgcse                |
| pass_tsan                                 | -fgcse-las            |
| pass_tsan                                 | -fgcse-lm             |
| pass_tsan                                 | -finline-functions    |
| pass_tsan                                 | -ftree-loop-vectorize |
| pass_dce                                  | -fgcse                |
| pass_dce                                  | -fgcse-las            |
| pass_dce                                  | -fgcse-lm             |
| pass_dce                                  | -finline-functions    |
| pass_dce                                  | -ftree-loop-vectorize |
| pass_copy_prop                            | -fgcse                |
| pass_copy_prop                            | -fgcse-las            |
| pass_copy_prop                            | -fgcse-lm             |
| pass_copy_prop                            | -finline-functions    |
| pass_copy_prop                            | -ftree-loop-vectorize |
| pass_fold_builtins                        | -fgcse                |
| pass_fold_builtins                        | -fgcse-las            |
| pass_fold_builtins                        | -fgcse-lm             |
| pass_fold_builtins                        | -finline-functions    |
| pass_fold_builtins                        | -ftree-loop-vectorize |
| pass_object_sizes                         | -fgcse                |
| pass_object_sizes                         | -fgcse-las            |
| pass_object_sizes                         | -fgcse-lm             |
| pass_object_sizes                         | -finline-functions    |
| pass_object_sizes                         | -ftree-loop-vectorize |
| pass_ccp                                  | -fgcse                |
| pass_ccp                                  | -fgcse-las            |
| pass_ccp                                  | -fgcse-lm             |
| pass_ccp                                  | -finline-functions    |
| pass_ccp                                  | -ftree-loop-vectorize |
| pass_lower_vector_ssa                     | -fgcse                |
| pass_lower_vector_ssa                     | -fgcse-las            |
| pass_lower_vector_ssa                     | -fgcse-lm             |
| pass_lower_vector_ssa                     | -finline-functions    |
| pass_lower_vector_ssa                     | -ftree-loop-vectorize |
| pass_lower_complex                        | -fgcse                |
| pass_lower_complex                        | -fgcse-las            |
| pass_lower_complex                        | -fgcse-lm             |
| pass_lower_complex                        | -finline-functions    |
| pass_lower_complex                        | -ftree-loop-vectorize |
| pass_strip_predict_hints                  | -fgcse                |
| pass_strip_predict_hints                  | -fgcse-las            |
| pass_strip_predict_hints                  | -fgcse-lm             |
| pass_strip_predict_hints                  | -finline-functions    |
| pass_strip_predict_hints                  | -ftree-loop-vectorize |
| pass_tail_calls                           | -fgcse                |
| pass_tail_calls                           | -fgcse-las            |
| pass_tail_calls                           | -fgcse-lm             |
| pass_tail_calls                           | -finline-functions    |
| pass_tail_calls                           | -ftree-loop-vectorize |
| pass_store_merging                        | -fgcse                |
| pass_store_merging                        | -fgcse-las            |
| pass_store_merging                        | -fgcse-lm             |
| pass_store_merging                        | -finline-functions    |
| pass_store_merging                        | -ftree-loop-vectorize |
| pass_phiopt                               | -fgcse                |
| pass_phiopt                               | -fgcse-las            |
| pass_phiopt                               | -fgcse-lm             |
| pass_phiopt                               | -finline-functions    |
| pass_phiopt                               | -ftree-loop-vectorize |
| pass_forwprop                             | -fgcse                |
| pass_forwprop                             | -fgcse-las            |
| pass_forwprop                             | -fgcse-lm             |
| pass_forwprop                             | -finline-functions    |
| pass_forwprop                             | -ftree-loop-vectorize |
| pass_cd_dce                               | -fgcse                |
| pass_cd_dce                               | -fgcse-las            |
| pass_cd_dce                               | -fgcse-lm             |
| pass_cd_dce                               | -finline-functions    |
| pass_cd_dce                               | -ftree-loop-vectorize |
| pass_dse                                  | -fgcse                |
| pass_dse                                  | -fgcse-las            |
| pass_dse                                  | -fgcse-lm             |
| pass_dse                                  | -finline-functions    |
| pass_dse                                  | -ftree-loop-vectorize |
| pass_vrp                                  | -fgcse                |
| pass_vrp                                  | -fgcse-las            |
| pass_vrp                                  | -fgcse-lm             |
| pass_vrp                                  | -finline-functions    |
| pass_vrp                                  | -ftree-loop-vectorize |
| pass_thread_jumps                         | -fgcse                |
| pass_thread_jumps                         | -fgcse-las            |
| pass_thread_jumps                         | -fgcse-lm             |
| pass_thread_jumps                         | -finline-functions    |
| pass_thread_jumps                         | -ftree-loop-vectorize |
| pass_dominator                            | -fgcse                |
| pass_dominator                            | -fgcse-las            |
| pass_dominator                            | -fgcse-lm             |
| pass_dominator                            | -finline-functions    |
| pass_dominator                            | -ftree-loop-vectorize |
| pass_strength_reduction                   | -fgcse                |
| pass_strength_reduction                   | -fgcse-las            |
| pass_strength_reduction                   | -fgcse-lm             |
| pass_strength_reduction                   | -finline-functions    |
| pass_strength_reduction                   | -ftree-loop-vectorize |
| pass_reassoc                              | -fgcse                |
| pass_reassoc                              | -fgcse-las            |
| pass_reassoc                              | -fgcse-lm             |
| pass_reassoc                              | -finline-functions    |
| pass_reassoc                              | -ftree-loop-vectorize |
| pass_cse_reciprocals                      | -fgcse                |
| pass_cse_reciprocals                      | -fgcse-las            |
| pass_cse_reciprocals                      | -fgcse-lm             |
| pass_cse_reciprocals                      | -finline-functions    |
| pass_cse_reciprocals                      | -ftree-loop-vectorize |
| pass_slp_vectorize                        | -fgcse                |
| pass_slp_vectorize                        | -fgcse-las            |
| pass_slp_vectorize                        | -fgcse-lm             |
| pass_slp_vectorize                        | -finline-functions    |
| pass_slp_vectorize                        | -ftree-loop-vectorize |
| pass_lim                                  | -fgcse                |
| pass_lim                                  | -fgcse-las            |
| pass_lim                                  | -fgcse-lm             |
| pass_lim                                  | -finline-functions    |
| pass_lim                                  | -ftree-loop-vectorize |
| pass_iv_optimize                          | -fgcse                |
| pass_iv_optimize                          | -fgcse-las            |
| pass_iv_optimize                          | -fgcse-lm             |
| pass_iv_optimize                          | -finline-functions    |
| pass_iv_optimize                          | -ftree-loop-vectorize |
| pass_loop_prefetch                        | -fgcse                |
| pass_loop_prefetch                        | -fgcse-las            |
| pass_loop_prefetch                        | -fgcse-lm             |
| pass_loop_prefetch                        | -finline-functions    |
| pass_loop_prefetch                        | -ftree-loop-vectorize |
| pass_complete_unroll                      | -fgcse                |
| pass_complete_unroll                      | -fgcse-las            |
| pass_complete_unroll                      | -fgcse-lm             |
| pass_complete_unroll                      | -finline-functions    |
| pass_complete_unroll                      | -ftree-loop-vectorize |
| pass_predcom                              | -fgcse                |
| pass_predcom                              | -fgcse-las            |
| pass_predcom                              | -fgcse-lm             |
| pass_predcom                              | -finline-functions    |
| pass_predcom                              | -ftree-loop-vectorize |
| pass_vectorize                            | -fgcse                |
| pass_vectorize                            | -fgcse-las            |
| pass_vectorize                            | -fgcse-lm             |
| pass_vectorize                            | -finline-functions    |
| pass_vectorize                            | -ftree-loop-vectorize |
| pass_if_conversion                        | -fgcse                |
| pass_if_conversion                        | -fgcse-las            |
| pass_if_conversion                        | -fgcse-lm             |
| pass_if_conversion                        | -finline-functions    |
| pass_if_conversion                        | -ftree-loop-vectorize |
| pass_ch_vect                              | -fgcse                |
| pass_ch_vect                              | -fgcse-las            |
| pass_ch_vect                              | -fgcse-lm             |
| pass_ch_vect                              | -finline-functions    |
| pass_ch_vect                              | -ftree-loop-vectorize |
| pass_expand_omp_ssa                       | -fgcse                |
| pass_expand_omp_ssa                       | -fgcse-las            |
| pass_expand_omp_ssa                       | -fgcse-lm             |
| pass_expand_omp_ssa                       | -finline-functions    |
| pass_expand_omp_ssa                       | -ftree-loop-vectorize |
| pass_parallelize_loops                    | -fgcse                |
| pass_parallelize_loops                    | -fgcse-las            |
| pass_parallelize_loops                    | -fgcse-lm             |
| pass_parallelize_loops                    | -finline-functions    |
| pass_parallelize_loops                    | -ftree-loop-vectorize |
| pass_graphite_transforms                  | -fgcse                |
| pass_graphite_transforms                  | -fgcse-las            |
| pass_graphite_transforms                  | -fgcse-lm             |
| pass_graphite_transforms                  | -finline-functions    |
| pass_graphite_transforms                  | -ftree-loop-vectorize |
| pass_linterchange                         | -fgcse                |
| pass_linterchange                         | -fgcse-las            |
| pass_linterchange                         | -fgcse-lm             |
| pass_linterchange                         | -finline-functions    |
| pass_linterchange                         | -ftree-loop-vectorize |
| pass_loop_distribution                    | -fgcse                |
| pass_loop_distribution                    | -fgcse-las            |
| pass_loop_distribution                    | -fgcse-lm             |
| pass_loop_distribution                    | -finline-functions    |
| pass_loop_distribution                    | -ftree-loop-vectorize |
| pass_iv_canon                             | -fgcse                |
| pass_iv_canon                             | -fgcse-las            |
| pass_iv_canon                             | -fgcse-lm             |
| pass_iv_canon                             | -finline-functions    |
| pass_iv_canon                             | -ftree-loop-vectorize |
| pass_loop_jam                             | -fgcse                |
| pass_loop_jam                             | -fgcse-las            |
| pass_loop_jam                             | -fgcse-lm             |
| pass_loop_jam                             | -finline-functions    |
| pass_loop_jam                             | -ftree-loop-vectorize |
| pass_loop_versioning                      | -fgcse                |
| pass_loop_versioning                      | -fgcse-las            |
| pass_loop_versioning                      | -fgcse-lm             |
| pass_loop_versioning                      | -finline-functions    |
| pass_loop_versioning                      | -ftree-loop-vectorize |
| pass_loop_split                           | -fgcse                |
| pass_loop_split                           | -fgcse-las            |
| pass_loop_split                           | -fgcse-lm             |
| pass_loop_split                           | -finline-functions    |
| pass_loop_split                           | -ftree-loop-vectorize |
| pass_scev_cprop                           | -fgcse                |
| pass_scev_cprop                           | -fgcse-las            |
| pass_scev_cprop                           | -fgcse-lm             |
| pass_scev_cprop                           | -finline-functions    |
| pass_scev_cprop                           | -ftree-loop-vectorize |
| pass_tree_unswitch                        | -fgcse                |
| pass_tree_unswitch                        | -fgcse-las            |
| pass_tree_unswitch                        | -fgcse-lm             |
| pass_tree_unswitch                        | -finline-functions    |
| pass_tree_unswitch                        | -ftree-loop-vectorize |
| pass_tree_loop_init                       | -fgcse                |
| pass_tree_loop_init                       | -fgcse-las            |
| pass_tree_loop_init                       | -fgcse-lm             |
| pass_tree_loop_init                       | -finline-functions    |
| pass_tree_loop_init                       | -ftree-loop-vectorize |
| pass_sink_code                            | -fgcse                |
| pass_sink_code                            | -fgcse-las            |
| pass_sink_code                            | -fgcse-lm             |
| pass_sink_code                            | -finline-functions    |
| pass_sink_code                            | -ftree-loop-vectorize |
| pass_pre                                  | -fgcse                |
| pass_pre                                  | -fgcse-las            |
| pass_pre                                  | -fgcse-lm             |
| pass_pre                                  | -finline-functions    |
| pass_pre                                  | -ftree-loop-vectorize |
| pass_laddress                             | -fgcse                |
| pass_laddress                             | -fgcse-las            |
| pass_laddress                             | -fgcse-lm             |
| pass_laddress                             | -finline-functions    |
| pass_laddress                             | -ftree-loop-vectorize |
| pass_optimize_bswap                       | -fgcse                |
| pass_optimize_bswap                       | -fgcse-las            |
| pass_optimize_bswap                       | -fgcse-lm             |
| pass_optimize_bswap                       | -finline-functions    |
| pass_optimize_bswap                       | -ftree-loop-vectorize |
| pass_cse_sincos                           | -fgcse                |
| pass_cse_sincos                           | -fgcse-las            |
| pass_cse_sincos                           | -fgcse-lm             |
| pass_cse_sincos                           | -finline-functions    |
| pass_cse_sincos                           | -ftree-loop-vectorize |
| pass_isolate_erroneous_paths              | -fgcse                |
| pass_isolate_erroneous_paths              | -fgcse-las            |
| pass_isolate_erroneous_paths              | -fgcse-lm             |
| pass_isolate_erroneous_paths              | -finline-functions    |
| pass_isolate_erroneous_paths              | -ftree-loop-vectorize |
| pass_sra                                  | -fgcse                |
| pass_sra                                  | -fgcse-las            |
| pass_sra                                  | -fgcse-lm             |
| pass_sra                                  | -finline-functions    |
| pass_sra                                  | -ftree-loop-vectorize |
| pass_ch                                   | -fgcse                |
| pass_ch                                   | -fgcse-las            |
| pass_ch                                   | -fgcse-lm             |
| pass_ch                                   | -finline-functions    |
| pass_ch                                   | -ftree-loop-vectorize |
| pass_tail_recursion                       | -fgcse                |
| pass_tail_recursion                       | -fgcse-las            |
| pass_tail_recursion                       | -fgcse-lm             |
| pass_tail_recursion                       | -finline-functions    |
| pass_tail_recursion                       | -ftree-loop-vectorize |
| pass_merge_phi                            | -fgcse                |
| pass_merge_phi                            | -fgcse-las            |
| pass_merge_phi                            | -fgcse-lm             |
| pass_merge_phi                            | -finline-functions    |
| pass_merge_phi                            | -ftree-loop-vectorize |
| pass_tree_ifcombine                       | -fgcse                |
| pass_tree_ifcombine                       | -fgcse-las            |
| pass_tree_ifcombine                       | -fgcse-lm             |
| pass_tree_ifcombine                       | -finline-functions    |
| pass_tree_ifcombine                       | -ftree-loop-vectorize |
| pass_cselim                               | -fgcse                |
| pass_cselim                               | -fgcse-las            |
| pass_cselim                               | -fgcse-lm             |
| pass_cselim                               | -finline-functions    |
| pass_cselim                               | -ftree-loop-vectorize |
| pass_call_cdce                            | -fgcse                |
| pass_call_cdce                            | -fgcse-las            |
| pass_call_cdce                            | -fgcse-lm             |
| pass_call_cdce                            | -finline-functions    |
| pass_call_cdce                            | -ftree-loop-vectorize |
| pass_stdarg                               | -fgcse                |
| pass_stdarg                               | -fgcse-las            |
| pass_stdarg                               | -fgcse-lm             |
| pass_stdarg                               | -finline-functions    |
| pass_stdarg                               | -ftree-loop-vectorize |
| pass_fre                                  | -fgcse                |
| pass_fre                                  | -fgcse-las            |
| pass_fre                                  | -fgcse-lm             |
| pass_fre                                  | -finline-functions    |
| pass_fre                                  | -ftree-loop-vectorize |
| pass_return_slot                          | -fgcse                |
| pass_return_slot                          | -fgcse-las            |
| pass_return_slot                          | -fgcse-lm             |
| pass_return_slot                          | -finline-functions    |
| pass_return_slot                          | -ftree-loop-vectorize |
| pass_phiprop                              | -fgcse                |
| pass_phiprop                              | -fgcse-las            |
| pass_phiprop                              | -fgcse-lm             |
| pass_phiprop                              | -finline-functions    |
| pass_phiprop                              | -ftree-loop-vectorize |
| pass_backprop                             | -fgcse                |
| pass_backprop                             | -fgcse-las            |
| pass_backprop                             | -fgcse-lm             |
| pass_backprop                             | -finline-functions    |
| pass_backprop                             | -ftree-loop-vectorize |
| pass_complete_unrolli                     | -fgcse                |
| pass_complete_unrolli                     | -fgcse-las            |
| pass_complete_unrolli                     | -fgcse-lm             |
| pass_complete_unrolli                     | -finline-functions    |
| pass_complete_unrolli                     | -ftree-loop-vectorize |
| pass_omp_target_link                      | -fgcse                |
| pass_omp_target_link                      | -fgcse-las            |
| pass_omp_target_link                      | -fgcse-lm             |
| pass_omp_target_link                      | -finline-functions    |
| pass_omp_target_link                      | -ftree-loop-vectorize |
| pass_omp_device_lower                     | -fgcse                |
| pass_omp_device_lower                     | -fgcse-las            |
| pass_omp_device_lower                     | -fgcse-lm             |
| pass_omp_device_lower                     | -finline-functions    |
| pass_omp_device_lower                     | -ftree-loop-vectorize |
| pass_oacc_device_lower                    | -fgcse                |
| pass_oacc_device_lower                    | -fgcse-las            |
| pass_oacc_device_lower                    | -fgcse-lm             |
| pass_oacc_device_lower                    | -finline-functions    |
| pass_oacc_device_lower                    | -ftree-loop-vectorize |
| pass_lower_eh_dispatch                    | -fgcse                |
| pass_lower_eh_dispatch                    | -fgcse-las            |
| pass_lower_eh_dispatch                    | -fgcse-lm             |
| pass_lower_eh_dispatch                    | -finline-functions    |
| pass_lower_eh_dispatch                    | -ftree-loop-vectorize |
| pass_fixup_cfg                            | -fgcse                |
| pass_fixup_cfg                            | -fgcse-las            |
| pass_fixup_cfg                            | -fgcse-lm             |
| pass_fixup_cfg                            | -finline-functions    |
| pass_fixup_cfg                            | -ftree-loop-vectorize |
| pass_omp_simd_clone                       | -fgcse                |
| pass_omp_simd_clone                       | -fgcse-las            |
| pass_omp_simd_clone                       | -fgcse-lm             |
| pass_omp_simd_clone                       | -finline-functions    |
| pass_omp_simd_clone                       | -ftree-loop-vectorize |
| pass_ipa_pta                              | -fgcse                |
| pass_ipa_pta                              | -fgcse-las            |
| pass_ipa_pta                              | -fgcse-lm             |
| pass_ipa_pta                              | -finline-functions    |
| pass_ipa_pta                              | -ftree-loop-vectorize |
| pass_materialize_all_clones               | -fgcse                |
| pass_materialize_all_clones               | -fgcse-las            |
| pass_materialize_all_clones               | -fgcse-lm             |
| pass_materialize_all_clones               | -finline-functions    |
| pass_materialize_all_clones               | -ftree-loop-vectorize |
| pass_ipa_comdats                          | -fgcse                |
| pass_ipa_comdats                          | -fgcse-las            |
| pass_ipa_comdats                          | -fgcse-lm             |
| pass_ipa_comdats                          | -finline-functions    |
| pass_ipa_comdats                          | -ftree-loop-vectorize |
| pass_ipa_reference                        | -fgcse                |
| pass_ipa_reference                        | -fgcse-las            |
| pass_ipa_reference                        | -fgcse-lm             |
| pass_ipa_reference                        | -finline-functions    |
| pass_ipa_reference                        | -ftree-loop-vectorize |
| pass_ipa_pure_const                       | -fgcse                |
| pass_ipa_pure_const                       | -fgcse-las            |
| pass_ipa_pure_const                       | -fgcse-lm             |
| pass_ipa_pure_const                       | -finline-functions    |
| pass_ipa_pure_const                       | -ftree-loop-vectorize |
| pass_ipa_inline                           | -fgcse                |
| pass_ipa_inline                           | -fgcse-las            |
| pass_ipa_inline                           | -fgcse-lm             |
| pass_ipa_inline                           | -finline-functions    |
| pass_ipa_inline                           | -ftree-loop-vectorize |
| pass_ipa_hsa                              | -fgcse                |
| pass_ipa_hsa                              | -fgcse-las            |
| pass_ipa_hsa                              | -fgcse-lm             |
| pass_ipa_hsa                              | -finline-functions    |
| pass_ipa_hsa                              | -ftree-loop-vectorize |
| pass_ipa_cdtor_merge                      | -fgcse                |
| pass_ipa_cdtor_merge                      | -fgcse-las            |
| pass_ipa_cdtor_merge                      | -fgcse-lm             |
| pass_ipa_cdtor_merge                      | -finline-functions    |
| pass_ipa_cdtor_merge                      | -ftree-loop-vectorize |
| pass_ipa_cp                               | -fgcse                |
| pass_ipa_cp                               | -fgcse-las            |
| pass_ipa_cp                               | -fgcse-lm             |
| pass_ipa_cp                               | -finline-functions    |
| pass_ipa_cp                               | -ftree-loop-vectorize |
| pass_ipa_devirt                           | -fgcse                |
| pass_ipa_devirt                           | -fgcse-las            |
| pass_ipa_devirt                           | -fgcse-lm             |
| pass_ipa_devirt                           | -finline-functions    |
| pass_ipa_devirt                           | -ftree-loop-vectorize |
| pass_ipa_icf                              | -fgcse                |
| pass_ipa_icf                              | -fgcse-las            |
| pass_ipa_icf                              | -fgcse-lm             |
| pass_ipa_icf                              | -finline-functions    |
| pass_ipa_icf                              | -ftree-loop-vectorize |
| pass_ipa_profile                          | -fgcse                |
| pass_ipa_profile                          | -fgcse-las            |
| pass_ipa_profile                          | -fgcse-lm             |
| pass_ipa_profile                          | -finline-functions    |
| pass_ipa_profile                          | -ftree-loop-vectorize |
| pass_ipa_whole_program_visibility         | -fgcse                |
| pass_ipa_whole_program_visibility         | -fgcse-las            |
| pass_ipa_whole_program_visibility         | -fgcse-lm             |
| pass_ipa_whole_program_visibility         | -finline-functions    |
| pass_ipa_whole_program_visibility         | -ftree-loop-vectorize |
| pass_ipa_lower_emutls                     | -fgcse                |
| pass_ipa_lower_emutls                     | -fgcse-las            |
| pass_ipa_lower_emutls                     | -fgcse-lm             |
| pass_ipa_lower_emutls                     | -finline-functions    |
| pass_ipa_lower_emutls                     | -ftree-loop-vectorize |
| pass_ipa_tm                               | -fgcse                |
| pass_ipa_tm                               | -fgcse-las            |
| pass_ipa_tm                               | -fgcse-lm             |
| pass_ipa_tm                               | -finline-functions    |
| pass_ipa_tm                               | -ftree-loop-vectorize |
| pass_ipa_increase_alignment               | -fgcse                |
| pass_ipa_increase_alignment               | -fgcse-las            |
| pass_ipa_increase_alignment               | -fgcse-lm             |
| pass_ipa_increase_alignment               | -finline-functions    |
| pass_ipa_increase_alignment               | -ftree-loop-vectorize |
| pass_feedback_split_functions             | -fgcse                |
| pass_feedback_split_functions             | -fgcse-las            |
| pass_feedback_split_functions             | -fgcse-lm             |
| pass_feedback_split_functions             | -finline-functions    |
| pass_feedback_split_functions             | -ftree-loop-vectorize |
| pass_ipa_tree_profile                     | -fgcse                |
| pass_ipa_tree_profile                     | -fgcse-las            |
| pass_ipa_tree_profile                     | -fgcse-lm             |
| pass_ipa_tree_profile                     | -finline-functions    |
| pass_ipa_tree_profile                     | -ftree-loop-vectorize |
| pass_target_clone                         | -fgcse                |
| pass_target_clone                         | -fgcse-las            |
| pass_target_clone                         | -fgcse-lm             |
| pass_target_clone                         | -finline-functions    |
| pass_target_clone                         | -ftree-loop-vectorize |
| pass_rebuild_cgraph_edges                 | -fgcse                |
| pass_rebuild_cgraph_edges                 | -fgcse-las            |
| pass_rebuild_cgraph_edges                 | -fgcse-lm             |
| pass_rebuild_cgraph_edges                 | -finline-functions    |
| pass_rebuild_cgraph_edges                 | -ftree-loop-vectorize |
| pass_local_fn_summary                     | -fgcse                |
| pass_local_fn_summary                     | -fgcse-las            |
| pass_local_fn_summary                     | -fgcse-lm             |
| pass_local_fn_summary                     | -finline-functions    |
| pass_local_fn_summary                     | -ftree-loop-vectorize |
| pass_split_functions                      | -fgcse                |
| pass_split_functions                      | -fgcse-las            |
| pass_split_functions                      | -fgcse-lm             |
| pass_split_functions                      | -finline-functions    |
| pass_split_functions                      | -ftree-loop-vectorize |
| pass_profile                              | -fgcse                |
| pass_profile                              | -fgcse-las            |
| pass_profile                              | -fgcse-lm             |
| pass_profile                              | -finline-functions    |
| pass_profile                              | -ftree-loop-vectorize |
| pass_convert_switch                       | -fgcse                |
| pass_convert_switch                       | -fgcse-las            |
| pass_convert_switch                       | -fgcse-lm             |
| pass_convert_switch                       | -finline-functions    |
| pass_convert_switch                       | -ftree-loop-vectorize |
| pass_early_ipa_sra                        | -fgcse                |
| pass_early_ipa_sra                        | -fgcse-las            |
| pass_early_ipa_sra                        | -fgcse-lm             |
| pass_early_ipa_sra                        | -finline-functions    |
| pass_early_ipa_sra                        | -ftree-loop-vectorize |
| pass_early_vrp                            | -fgcse                |
| pass_early_vrp                            | -fgcse-las            |
| pass_early_vrp                            | -fgcse-lm             |
| pass_early_vrp                            | -finline-functions    |
| pass_early_vrp                            | -ftree-loop-vectorize |
| pass_sra_early                            | -fgcse                |
| pass_sra_early                            | -fgcse-las            |
| pass_sra_early                            | -fgcse-lm             |
| pass_sra_early                            | -finline-functions    |
| pass_sra_early                            | -ftree-loop-vectorize |
| pass_early_thread_jumps                   | -fgcse                |
| pass_early_thread_jumps                   | -fgcse-las            |
| pass_early_thread_jumps                   | -fgcse-lm             |
| pass_early_thread_jumps                   | -finline-functions    |
| pass_early_thread_jumps                   | -ftree-loop-vectorize |
| pass_early_inline                         | -fgcse                |
| pass_early_inline                         | -fgcse-las            |
| pass_early_inline                         | -fgcse-lm             |
| pass_early_inline                         | -finline-functions    |
| pass_early_inline                         | -ftree-loop-vectorize |
| pass_nothrow                              | -fgcse                |
| pass_nothrow                              | -fgcse-las            |
| pass_nothrow                              | -fgcse-lm             |
| pass_nothrow                              | -finline-functions    |
| pass_nothrow                              | -ftree-loop-vectorize |
| pass_ubsan                                | -fgcse                |
| pass_ubsan                                | -fgcse-las            |
| pass_ubsan                                | -fgcse-lm             |
| pass_ubsan                                | -finline-functions    |
| pass_ubsan                                | -ftree-loop-vectorize |
| pass_early_warn_uninitialized             | -fgcse                |
| pass_early_warn_uninitialized             | -fgcse-las            |
| pass_early_warn_uninitialized             | -fgcse-lm             |
| pass_early_warn_uninitialized             | -finline-functions    |
| pass_early_warn_uninitialized             | -ftree-loop-vectorize |
| pass_build_ssa                            | -fgcse                |
| pass_build_ssa                            | -fgcse-las            |
| pass_build_ssa                            | -fgcse-lm             |
| pass_build_ssa                            | -finline-functions    |
| pass_build_ssa                            | -ftree-loop-vectorize |
| pass_ipa_function_and_variable_visibility | -fgcse                |
| pass_ipa_function_and_variable_visibility | -fgcse-las            |
| pass_ipa_function_and_variable_visibility | -fgcse-lm             |
| pass_ipa_function_and_variable_visibility | -finline-functions    |
| pass_ipa_function_and_variable_visibility | -ftree-loop-vectorize |
| pass_ipa_free_lang_data                   | -fgcse                |
| pass_ipa_free_lang_data                   | -fgcse-las            |
| pass_ipa_free_lang_data                   | -fgcse-lm             |
| pass_ipa_free_lang_data                   | -finline-functions    |
| pass_ipa_free_lang_data                   | -ftree-loop-vectorize |
| pass_build_cgraph_edges                   | -fgcse                |
| pass_build_cgraph_edges                   | -fgcse-las            |
| pass_build_cgraph_edges                   | -fgcse-lm             |
| pass_build_cgraph_edges                   | -finline-functions    |
| pass_build_cgraph_edges                   | -ftree-loop-vectorize |
| pass_expand_omp                           | -fgcse                |
| pass_expand_omp                           | -fgcse-las            |
| pass_expand_omp                           | -fgcse-lm             |
| pass_expand_omp                           | -finline-functions    |
| pass_expand_omp                           | -ftree-loop-vectorize |
| pass_warn_function_return                 | -fgcse                |
| pass_warn_function_return                 | -fgcse-las            |
| pass_warn_function_return                 | -fgcse-lm             |
| pass_warn_function_return                 | -finline-functions    |
| pass_warn_function_return                 | -ftree-loop-vectorize |
| pass_build_cfg                            | -fgcse                |
| pass_build_cfg                            | -fgcse-las            |
| pass_build_cfg                            | -fgcse-lm             |
| pass_build_cfg                            | -finline-functions    |
| pass_build_cfg                            | -ftree-loop-vectorize |
| pass_lower_eh                             | -fgcse                |
| pass_lower_eh                             | -fgcse-las            |
| pass_lower_eh                             | -fgcse-lm             |
| pass_lower_eh                             | -finline-functions    |
| pass_lower_eh                             | -ftree-loop-vectorize |
| pass_refactor_eh                          | -fgcse                |
| pass_refactor_eh                          | -fgcse-las            |
| pass_refactor_eh                          | -fgcse-lm             |
| pass_refactor_eh                          | -finline-functions    |
| pass_refactor_eh                          | -ftree-loop-vectorize |
| pass_lower_cf                             | -fgcse                |
| pass_lower_cf                             | -fgcse-las            |
| pass_lower_cf                             | -fgcse-lm             |
| pass_lower_cf                             | -finline-functions    |
| pass_lower_cf                             | -ftree-loop-vectorize |
| pass_lower_omp                            | -fgcse                |
| pass_lower_omp                            | -fgcse-las            |
| pass_lower_omp                            | -fgcse-lm             |
| pass_lower_omp                            | -finline-functions    |
| pass_lower_omp                            | -ftree-loop-vectorize |
| pass_sancov<O0>                           | -fgcse                |
| pass_sancov<O0>                           | -fgcse-las            |
| pass_sancov<O0>                           | -fgcse-lm             |
| pass_sancov<O0>                           | -finline-functions    |
| pass_sancov<O0>                           | -ftree-loop-vectorize |
| pass_sancov<false>                        | -fgcse                |
| pass_sancov<false>                        | -fgcse-las            |
| pass_sancov<false>                        | -fgcse-lm             |
| pass_sancov<false>                        | -finline-functions    |
| pass_sancov<false>                        | -ftree-loop-vectorize |
| pass_sancov<true>                         | -fgcse                |
| pass_sancov<true>                         | -fgcse-las            |
| pass_sancov<true>                         | -fgcse-lm             |
| pass_sancov<true>                         | -finline-functions    |
| pass_sancov<true>                         | -ftree-loop-vectorize |
| pass_lower_switch<O0>                     | -fgcse                |
| pass_lower_switch<O0>                     | -fgcse-las            |
| pass_lower_switch<O0>                     | -fgcse-lm             |
| pass_lower_switch<O0>                     | -finline-functions    |
| pass_lower_switch<O0>                     | -ftree-loop-vectorize |
| pass_lower_switch<true>                   | -fgcse                |
| pass_lower_switch<true>                   | -fgcse-las            |
| pass_lower_switch<true>                   | -fgcse-lm             |
| pass_lower_switch<true>                   | -finline-functions    |
| pass_lower_switch<true>                   | -ftree-loop-vectorize |
| pass_lower_switch<false>                  | -fgcse                |
| pass_lower_switch<false>                  | -fgcse-las            |
| pass_lower_switch<false>                  | -fgcse-lm             |
| pass_lower_switch<false>                  | -finline-functions    |
| pass_lower_switch<false>                  | -ftree-loop-vectorize |
