"option","visibleVarName","storageFieldName"
"-faggressive-loop-optimizations","flag_aggressive_loop_optimizations","x_flag_aggressive_loop_optimizations"
"-falign-functions","flag_align_functions","x_flag_align_functions"
"-falign-functions=","str_align_functions","x_str_align_functions"
"-falign-jumps","flag_align_jumps","x_flag_align_jumps"
"-falign-jumps=","str_align_jumps","x_str_align_jumps"
"-falign-labels","flag_align_labels","x_flag_align_labels"
"-falign-labels=","str_align_labels","x_str_align_labels"
"-falign-loops","flag_align_loops","x_flag_align_loops"
"-falign-loops=","str_align_loops","x_str_align_loops"
"-fassociative-math","flag_associative_math","x_flag_associative_math"
"-fasynchronous-unwind-tables","flag_asynchronous_unwind_tables","x_flag_asynchronous_unwind_tables"
"-fauto-inc-dec","flag_auto_inc_dec","x_flag_auto_inc_dec"
"-fbranch-count-reg","flag_branch_on_count_reg","x_flag_branch_on_count_reg"
"-fbranch-probabilities","flag_branch_probabilities","x_flag_branch_probabilities"
"-fbranch-target-load-optimize","flag_branch_target_load_optimize","x_flag_branch_target_load_optimize"
"-fbranch-target-load-optimize2","flag_branch_target_load_optimize2","x_flag_branch_target_load_optimize2"
"-fbtr-bb-exclusive","flag_btr_bb_exclusive","x_flag_btr_bb_exclusive"
"-fcode-hoisting","flag_code_hoisting","x_flag_code_hoisting"
"-fcombine-stack-adjustments","flag_combine_stack_adjustments","x_flag_combine_stack_adjustments"
"-fcompare-elim","flag_compare_elim_after_reload","x_flag_compare_elim_after_reload"
"-fconserve-stack","flag_conserve_stack","x_flag_conserve_stack"
"-fcprop-registers","flag_cprop_registers","x_flag_cprop_registers"
"-fcrossjumping","flag_crossjumping","x_flag_crossjumping"
"-fcse-follow-jumps","flag_cse_follow_jumps","x_flag_cse_follow_jumps"
"-fcx-fortran-rules","flag_cx_fortran_rules","x_flag_cx_fortran_rules"
"-fcx-limited-range","flag_cx_limited_range","x_flag_cx_limited_range"
"-fdce","flag_dce","x_flag_dce"
"-fdelayed-branch","flag_delayed_branch","x_flag_delayed_branch"
"-fdelete-dead-exceptions","flag_delete_dead_exceptions","x_flag_delete_dead_exceptions"
"-fdelete-null-pointer-checks","flag_delete_null_pointer_checks","x_flag_delete_null_pointer_checks"
"-fdevirtualize","flag_devirtualize","x_flag_devirtualize"
"-fdevirtualize-speculatively","flag_devirtualize_speculatively","x_flag_devirtualize_speculatively"
"-fdse","flag_dse","x_flag_dse"
"-fearly-inlining","flag_early_inlining","x_flag_early_inlining"
"-fexceptions","flag_exceptions","x_flag_exceptions"
"-fexpensive-optimizations","flag_expensive_optimizations","x_flag_expensive_optimizations"
"-ffinite-math-only","flag_finite_math_only","x_flag_finite_math_only"
"-ffloat-store","flag_float_store","x_flag_float_store"
"-fforward-propagate","flag_forward_propagate","x_flag_forward_propagate"
"-ffp-contract=","flag_fp_contract_mode","x_flag_fp_contract_mode"
"-ffp-int-builtin-inexact","flag_fp_int_builtin_inexact","x_flag_fp_int_builtin_inexact"
"-fgcse","flag_gcse","x_flag_gcse"
"-fgcse-after-reload","flag_gcse_after_reload","x_flag_gcse_after_reload"
"-fgcse-las","flag_gcse_las","x_flag_gcse_las"
"-fgcse-lm","flag_gcse_lm","x_flag_gcse_lm"
"-fgcse-sm","flag_gcse_sm","x_flag_gcse_sm"
"-fgraphite-identity","flag_graphite_identity","x_flag_graphite_identity"
"-fguess-branch-probability","flag_guess_branch_prob","x_flag_guess_branch_prob"
"-fhoist-adjacent-loads","flag_hoist_adjacent_loads","x_flag_hoist_adjacent_loads"
"-fif-conversion","flag_if_conversion","x_flag_if_conversion"
"-fif-conversion2","flag_if_conversion2","x_flag_if_conversion2"
"-findirect-inlining","flag_indirect_inlining","x_flag_indirect_inlining"
"-finline-atomics","flag_inline_atomics","x_flag_inline_atomics"
"-finline-functions","flag_inline_functions","x_flag_inline_functions"
"-finline-functions-called-once","flag_inline_functions_called_once","x_flag_inline_functions_called_once"
"-finline-small-functions","flag_inline_small_functions","x_flag_inline_small_functions"
"-fipa-bit-cp","flag_ipa_bit_cp","x_flag_ipa_bit_cp"
"-fipa-cp","flag_ipa_cp","x_flag_ipa_cp"
"-fipa-cp-clone","flag_ipa_cp_clone","x_flag_ipa_cp_clone"
"-fipa-icf","flag_ipa_icf","x_flag_ipa_icf"
"-fipa-icf-functions","flag_ipa_icf_functions","x_flag_ipa_icf_functions"
"-fipa-icf-variables","flag_ipa_icf_variables","x_flag_ipa_icf_variables"
"-fipa-profile","flag_ipa_profile","x_flag_ipa_profile"
"-fipa-pta","flag_ipa_pta","x_flag_ipa_pta"
"-fipa-pure-const","flag_ipa_pure_const","x_flag_ipa_pure_const"
"-fipa-ra","flag_ipa_ra","x_flag_ipa_ra"
"-fipa-reference","flag_ipa_reference","x_flag_ipa_reference"
"-fipa-reference-addressable","flag_ipa_reference_addressable","x_flag_ipa_reference_addressable"
"-fipa-sra","flag_ipa_sra","x_flag_ipa_sra"
"-fipa-stack-alignment","flag_ipa_stack_alignment","x_flag_ipa_stack_alignment"
"-fipa-vrp","flag_ipa_vrp","x_flag_ipa_vrp"
"-fira-algorithm=","flag_ira_algorithm","x_flag_ira_algorithm"
"-fira-hoist-pressure","flag_ira_hoist_pressure","x_flag_ira_hoist_pressure"
"-fira-loop-pressure","flag_ira_loop_pressure","x_flag_ira_loop_pressure"
"-fira-region=","flag_ira_region","x_flag_ira_region"
"-fira-share-save-slots","flag_ira_share_save_slots","x_flag_ira_share_save_slots"
"-fira-share-spill-slots","flag_ira_share_spill_slots","x_flag_ira_share_spill_slots"
"-fisolate-erroneous-paths-attribute","flag_isolate_erroneous_paths_attribute","x_flag_isolate_erroneous_paths_attribute"
"-fisolate-erroneous-paths-dereference","flag_isolate_erroneous_paths_dereference","x_flag_isolate_erroneous_paths_dereference"
"-fivopts","flag_ivopts","x_flag_ivopts"
"-fjump-tables","flag_jump_tables","x_flag_jump_tables"
"-fkeep-gc-roots-live","flag_keep_gc_roots_live","x_flag_keep_gc_roots_live"
"-flifetime-dse","flag_lifetime_dse,2","x_flag_lifetime_dse,2"
"-flifetime-dse=","flag_lifetime_dse","x_flag_lifetime_dse"
"-flimit-function-alignment","flag_limit_function_alignment","x_flag_limit_function_alignment"
"-flive-patching=","flag_live_patching","x_flag_live_patching"
"-flive-range-shrinkage","flag_live_range_shrinkage","x_flag_live_range_shrinkage"
"-floop-interchange","flag_loop_interchange","x_flag_loop_interchange"
"-floop-nest-optimize","flag_loop_nest_optimize","x_flag_loop_nest_optimize"
"-floop-parallelize-all","flag_loop_parallelize_all","x_flag_loop_parallelize_all"
"-floop-unroll-and-jam","flag_unroll_jam","x_flag_unroll_jam"
"-flra-remat","flag_lra_remat","x_flag_lra_remat"
"-fmath-errno","flag_errno_math","x_flag_errno_math"
"-fmodulo-sched","flag_modulo_sched","x_flag_modulo_sched"
"-fmodulo-sched-allow-regmoves","flag_modulo_sched_allow_regmoves","x_flag_modulo_sched_allow_regmoves"
"-fmove-loop-invariants","flag_move_loop_invariants","x_flag_move_loop_invariants"
"-fnon-call-exceptions","flag_non_call_exceptions","x_flag_non_call_exceptions"
"-fomit-frame-pointer","flag_omit_frame_pointer","x_flag_omit_frame_pointer"
"-fopt-info","flag_opt_info","x_flag_opt_info"
"-foptimize-sibling-calls","flag_optimize_sibling_calls","x_flag_optimize_sibling_calls"
"-foptimize-strlen","flag_optimize_strlen","x_flag_optimize_strlen"
"-fpack-struct","flag_pack_struct","x_flag_pack_struct"
"-fpartial-inlining","flag_partial_inlining","x_flag_partial_inlining"
"-fpeel-loops","flag_peel_loops","x_flag_peel_loops"
"-fpeephole","flag_no_peephole,0","x_flag_no_peephole,0"
"-fpeephole2","flag_peephole2","x_flag_peephole2"
"-fplt","flag_plt","x_flag_plt"
"-fpredictive-commoning","flag_predictive_commoning","x_flag_predictive_commoning"
"-fprefetch-loop-arrays","flag_prefetch_loop_arrays","x_flag_prefetch_loop_arrays"
"-freciprocal-math","flag_reciprocal_math","x_flag_reciprocal_math"
"-freg-struct-return","flag_pcc_struct_return,0","x_flag_pcc_struct_return,0"
"-frename-registers","flag_rename_registers","x_flag_rename_registers"
"-freorder-blocks","flag_reorder_blocks","x_flag_reorder_blocks"
"-freorder-blocks-algorithm=","flag_reorder_blocks_algorithm","x_flag_reorder_blocks_algorithm"
"-freorder-blocks-and-partition","flag_reorder_blocks_and_partition","x_flag_reorder_blocks_and_partition"
"-freorder-functions","flag_reorder_functions","x_flag_reorder_functions"
"-frerun-cse-after-loop","flag_rerun_cse_after_loop","x_flag_rerun_cse_after_loop"
"-freschedule-modulo-scheduled-loops","flag_resched_modulo_sched","x_flag_resched_modulo_sched"
"-frounding-math","flag_rounding_math","x_flag_rounding_math"
"-fsave-optimization-record","flag_save_optimization_record","x_flag_save_optimization_record"
"-fsched-critical-path-heuristic","flag_sched_critical_path_heuristic","x_flag_sched_critical_path_heuristic"
"-fsched-dep-count-heuristic","flag_sched_dep_count_heuristic","x_flag_sched_dep_count_heuristic"
"-fsched-group-heuristic","flag_sched_group_heuristic","x_flag_sched_group_heuristic"
"-fsched-interblock","flag_schedule_interblock","x_flag_schedule_interblock"
"-fsched-last-insn-heuristic","flag_sched_last_insn_heuristic","x_flag_sched_last_insn_heuristic"
"-fsched-pressure","flag_sched_pressure","x_flag_sched_pressure"
"-fsched-rank-heuristic","flag_sched_rank_heuristic","x_flag_sched_rank_heuristic"
"-fsched-spec","flag_schedule_speculative","x_flag_schedule_speculative"
"-fsched-spec-insn-heuristic","flag_sched_spec_insn_heuristic","x_flag_sched_spec_insn_heuristic"
"-fsched-spec-load","flag_schedule_speculative_load","x_flag_schedule_speculative_load"
"-fsched-spec-load-dangerous","flag_schedule_speculative_load_dangerous","x_flag_schedule_speculative_load_dangerous"
"-fsched2-use-superblocks","flag_sched2_use_superblocks","x_flag_sched2_use_superblocks"
"-fschedule-fusion","flag_schedule_fusion","x_flag_schedule_fusion"
"-fschedule-insns","flag_schedule_insns","x_flag_schedule_insns"
"-fschedule-insns2","flag_schedule_insns_after_reload","x_flag_schedule_insns_after_reload"
"-fsection-anchors","flag_section_anchors","x_flag_section_anchors"
"-fsel-sched-pipelining","flag_sel_sched_pipelining","x_flag_sel_sched_pipelining"
"-fsel-sched-pipelining-outer-loops","flag_sel_sched_pipelining_outer_loops","x_flag_sel_sched_pipelining_outer_loops"
"-fsel-sched-reschedule-pipelined","flag_sel_sched_reschedule_pipelined","x_flag_sel_sched_reschedule_pipelined"
"-fselective-scheduling2","flag_selective_scheduling2","x_flag_selective_scheduling2"
"-fshrink-wrap","flag_shrink_wrap","x_flag_shrink_wrap"
"-fshrink-wrap-separate","flag_shrink_wrap_separate","x_flag_shrink_wrap_separate"
"-fsignaling-nans","flag_signaling_nans","x_flag_signaling_nans"
"-fsigned-zeros","flag_signed_zeros","x_flag_signed_zeros"
"-fsimd-cost-model=","flag_simd_cost_model","x_flag_simd_cost_model"
"-fsingle-precision-constant","flag_single_precision_constant","x_flag_single_precision_constant"
"-fsplit-ivs-in-unroller","flag_split_ivs_in_unroller","x_flag_split_ivs_in_unroller"
"-fsplit-loops","flag_split_loops","x_flag_split_loops"
"-fsplit-paths","flag_split_paths","x_flag_split_paths"
"-fsplit-wide-types","flag_split_wide_types","x_flag_split_wide_types"
"-fssa-backprop","flag_ssa_backprop","x_flag_ssa_backprop"
"-fssa-phiopt","flag_ssa_phiopt","x_flag_ssa_phiopt"
"-fstack-clash-protection","flag_stack_clash_protection","x_flag_stack_clash_protection"
"-fstack-protector","flag_stack_protect, 1","x_flag_stack_protect, 1"
"-fstack-protector-all","flag_stack_protect, 2","x_flag_stack_protect, 2"
"-fstack-protector-explicit","flag_stack_protect, 4","x_flag_stack_protect, 4"
"-fstack-protector-strong","flag_stack_protect, 3","x_flag_stack_protect, 3"
"-fstack-reuse=","flag_stack_reuse","x_flag_stack_reuse"
"-fstdarg-opt","flag_stdarg_opt","x_flag_stdarg_opt"
"-fstore-merging","flag_store_merging","x_flag_store_merging"
"-fstrict-volatile-bitfields","flag_strict_volatile_bitfields","x_flag_strict_volatile_bitfields"
"-fthread-jumps","flag_thread_jumps","x_flag_thread_jumps"
"-ftracer","flag_tracer","x_flag_tracer"
"-ftrapv","flag_trapv","x_flag_trapv"
"-ftree-bit-ccp","flag_tree_bit_ccp","x_flag_tree_bit_ccp"
"-ftree-builtin-call-dce","flag_tree_builtin_call_dce","x_flag_tree_builtin_call_dce"
"-ftree-ccp","flag_tree_ccp","x_flag_tree_ccp"
"-ftree-ch","flag_tree_ch","x_flag_tree_ch"
"-ftree-coalesce-vars","flag_tree_coalesce_vars","x_flag_tree_coalesce_vars"
"-ftree-copy-prop","flag_tree_copy_prop","x_flag_tree_copy_prop"
"-ftree-cselim","flag_tree_cselim","x_flag_tree_cselim"
"-ftree-dce","flag_tree_dce","x_flag_tree_dce"
"-ftree-dominator-opts","flag_tree_dom","x_flag_tree_dom"
"-ftree-dse","flag_tree_dse","x_flag_tree_dse"
"-ftree-forwprop","flag_tree_forwprop","x_flag_tree_forwprop"
"-ftree-fre","flag_tree_fre","x_flag_tree_fre"
"-ftree-loop-distribute-patterns","flag_tree_loop_distribute_patterns","x_flag_tree_loop_distribute_patterns"
"-ftree-loop-distribution","flag_tree_loop_distribution","x_flag_tree_loop_distribution"
"-ftree-loop-if-convert","flag_tree_loop_if_convert","x_flag_tree_loop_if_convert"
"-ftree-loop-im","flag_tree_loop_im","x_flag_tree_loop_im"
"-ftree-loop-ivcanon","flag_tree_loop_ivcanon","x_flag_tree_loop_ivcanon"
"-ftree-loop-optimize","flag_tree_loop_optimize","x_flag_tree_loop_optimize"
"-ftree-loop-vectorize","flag_tree_loop_vectorize","x_flag_tree_loop_vectorize"
"-ftree-lrs","flag_tree_live_range_split","x_flag_tree_live_range_split"
"-ftree-parallelize-loops=","flag_tree_parallelize_loops","x_flag_tree_parallelize_loops"
"-ftree-partial-pre","flag_tree_partial_pre","x_flag_tree_partial_pre"
"-ftree-phiprop","flag_tree_phiprop","x_flag_tree_phiprop"
"-ftree-pre","flag_tree_pre","x_flag_tree_pre"
"-ftree-pta","flag_tree_pta","x_flag_tree_pta"
"-ftree-reassoc","flag_tree_reassoc","x_flag_tree_reassoc"
"-ftree-scev-cprop","flag_tree_scev_cprop","x_flag_tree_scev_cprop"
"-ftree-sink","flag_tree_sink","x_flag_tree_sink"
"-ftree-slp-vectorize","flag_tree_slp_vectorize","x_flag_tree_slp_vectorize"
"-ftree-slsr","flag_tree_slsr","x_flag_tree_slsr"
"-ftree-sra","flag_tree_sra","x_flag_tree_sra"
"-ftree-switch-conversion","flag_tree_switch_conversion","x_flag_tree_switch_conversion"
"-ftree-tail-merge","flag_tree_tail_merge","x_flag_tree_tail_merge"
"-ftree-ter","flag_tree_ter","x_flag_tree_ter"
"-ftree-vrp","flag_tree_vrp","x_flag_tree_vrp"
"-funconstrained-commons","flag_unconstrained_commons","x_flag_unconstrained_commons"
"-funroll-all-loops","flag_unroll_all_loops","x_flag_unroll_all_loops"
"-funroll-loops","flag_unroll_loops","x_flag_unroll_loops"
"-funswitch-loops","flag_unswitch_loops","x_flag_unswitch_loops"
"-funwind-tables","flag_unwind_tables","x_flag_unwind_tables"
"-fvariable-expansion-in-unroller","flag_variable_expansion_in_unroller","x_flag_variable_expansion_in_unroller"
"-fvect-cost-model=","flag_vect_cost_model","x_flag_vect_cost_model"
"-fversion-loops-for-strides","flag_version_loops_for_strides","x_flag_version_loops_for_strides"
"-fvpt","flag_value_profile_transformations","x_flag_value_profile_transformations"
"-fweb","flag_web","x_flag_web"
"-fwrapv","flag_wrapv","x_flag_wrapv"
"-fwrapv-pointer","flag_wrapv_pointer","x_flag_wrapv_pointer"
